[
{
  "image": {
    "name": "./api/tmp/79861e28f5f45e086495c726663916c2/images%20%282%29.jpeg",
    "format": "JPEG",
    "formatDescription": "Joint Photographic Experts Group JFIF format",
    "mimeType": "image/jpeg",
    "class": "DirectClass",
    "geometry": {
      "width": 463,
      "height": 662,
      "x": 0,
      "y": 0
    },
    "units": "Undefined",
    "type": "TrueColor",
    "endianess": "Undefined",
    "colorspace": "sRGB",
    "depth": 8,
    "baseDepth": 8,
    "channelDepth": {
      "red": 8,
      "green": 8,
      "blue": 8
    },
    "pixels": 306506,
    "imageStatistics": {
      "all": {
        "min": 0,
        "max": 255,
        "mean": 189.068,
        "standardDeviation": 18008.4,
        "kurtosis": -0.0360564,
        "skewness": -1.15714,
        "entropy": 0.777815
      }
    },
    "channelStatistics": {
      "red": {
        "min": 0,
        "max": 255,
        "mean": 196.904,
        "standardDeviation": 19578.5,
        "kurtosis": -0.437336,
        "skewness": -1.03405,
        "entropy": 0.708746
      },
      "green": {
        "min": 0,
        "max": 255,
        "mean": 189.748,
        "standardDeviation": 17296.9,
        "kurtosis": 0.451426,
        "skewness": -1.42006,
        "entropy": 0.805246
      },
      "blue": {
        "min": 0,
        "max": 255,
        "mean": 180.552,
        "standardDeviation": 17149.7,
        "kurtosis": 0.126187,
        "skewness": -1.20905,
        "entropy": 0.819452
      }
    },
    "renderingIntent": "Perceptual",
    "gamma": 0.454545,
    "chromaticity": {
      "redPrimary": {
        "x": 0.64,
        "y": 0.33
      },
      "greenPrimary": {
        "x": 0.3,
        "y": 0.6
      },
      "bluePrimary": {
        "x": 0.15,
        "y": 0.06
      },
      "whitePrimary": {
        "x": 0.3127,
        "y": 0.329
      }
    },
    "backgroundColor": "#FFFFFF",
    "borderColor": "#DFDFDF",
    "matteColor": "#BDBDBD",
    "transparentColor": "#000000",
    "interlace": "None",
    "intensity": "Undefined",
    "compose": "Over",
    "pageGeometry": {
      "width": 463,
      "height": 662,
      "x": 0,
      "y": 0
    },
    "dispose": "Undefined",
    "iterations": 0,
    "compression": "JPEG",
    "quality": 75,
    "orientation": "Undefined",
    "properties": {
      "date:create": "2021-01-27T23:44:58+00:00",
      "date:modify": "2021-01-27T23:44:58+00:00",
      "jpeg:colorspace": "2",
      "jpeg:sampling-factor": "2x2,1x1,1x1",
      "signature": "82f41decd9edf55a7632dd1aed5e9199a6428604ca36fb57d6d399e9ffb3de7c"
    },
    "artifacts": {
      "filename": "./api/tmp/79861e28f5f45e086495c726663916c2/images%20%282%29.jpeg"
    },
    "tainted": false,
    "filesize": "0B",
    "numberPixels": "306506",
    "pixelsPerSecond": "37.9243MB",
    "userTime": "0.000u",
    "elapsedTime": "0:01.008",
    "version": "ImageMagick 6.9.10-68 Q16 x86_64 2020-04-01 https://imagemagick.org"
  }
}
]